{"catchment_area": 356.2, "mean_slope_pct": 21.07, "prop_forested": 0.84718, "upsdist": 28.4073448, "strdensity": 0.6960871, "strahler": 4, "frac_snow": 0.000209, "p_seasonality": -0.373179, "p_mean": 3.03101, "pet_mean": 3.188736, "aridity": 1.052037, "high_prec_freq": 21.728833, "high_prec_dur": 1.277473}